x,y,nothing
33.41304, -111.91555, 
33.41295, -111.91566, 
33.41285, -111.91568, 
33.41278, -111.91573, 
33.41281, -111.91587, 
33.41282, -111.91598, 
33.41282, -111.91609, 
33.41282, -111.91621, 
33.41280, -111.91632, 
33.41282, -111.91647, 
33.41280, -111.91662, 
33.41280, -111.91678, 
33.41281, -111.91692, 
33.41285, -111.91706, 
33.41289, -111.91716, 
33.41293, -111.91730, 
33.41293, -111.91744, 
33.41293, -111.91757, 
33.41292, -111.91768, 
33.41293, -111.91782, 
33.41293, -111.91796, 
33.41291, -111.91811, 
33.41291, -111.91826, 
33.41291, -111.91840, 
33.41291, -111.91852, 
33.41292, -111.91863, 
33.41293, -111.91873, 
33.41295, -111.91884, 
33.41300, -111.91892, 
33.41307, -111.91898, 
33.41316, -111.91898, 
33.41324, -111.91895, 
33.41333, -111.91896, 
33.41342, -111.91899, 
33.37522, -111.98543, 
33.37535, -111.98537, 
33.37547, -111.98526, 
33.37555, -111.98519, 
33.37566, -111.98512, 
33.37576, -111.98504, 
33.37586, -111.98495, 
33.37597, -111.98486, 
33.37608, -111.98477, 
33.37618, -111.98469, 
33.37627, -111.98462, 
33.37635, -111.98456, 
33.37645, -111.98449, 
33.37655, -111.98448, 
33.37667, -111.98448, 
33.37676, -111.98447, 
33.37687, -111.98449, 
33.37701, -111.98449, 
33.37712, -111.98450, 
33.37722, -111.98451, 
33.37733, -111.98448, 
33.37745, -111.98446, 
33.37756, -111.98443, 
33.37767, -111.98442, 
33.37778, -111.98444, 
33.37787, -111.98444, 
33.37796, -111.98446, 
33.37801, -111.98456, 
33.37804, -111.98467, 
33.37802, -111.98477, 
33.37802, -111.98493, 
33.37802, -111.98508, 
33.37801, -111.98524, 
33.37801, -111.98538, 
33.37801, -111.98553, 
33.37800, -111.98568, 
33.37800, -111.98583, 
33.37800, -111.98598, 
33.37799, -111.98611, 
33.37799, -111.98624, 
33.37799, -111.98638, 
33.37798, -111.98652, 
33.37799, -111.98664, 
33.37799, -111.98679, 
33.37799, -111.98694, 
33.37797, -111.98708, 
33.37798, -111.98722, 
33.37798, -111.98736, 
33.37799, -111.98752, 
33.37798, -111.98769, 
33.37798, -111.98783, 
33.37798, -111.98797, 
33.37797, -111.98811, 
33.37797, -111.98821, 
33.37796, -111.98835, 
33.37795, -111.98850, 
33.37798, -111.98866, 
33.37798, -111.98881, 
33.37798, -111.98896, 
33.37798, -111.98909, 
33.37798, -111.98923, 
33.37797, -111.98936, 
33.37796, -111.98950, 
33.37796, -111.98964, 
33.37796, -111.98979, 
33.37797, -111.98992, 
33.37796, -111.99004, 
33.37797, -111.99017, 
33.37796, -111.99030, 
33.37795, -111.99041, 
33.37796, -111.99053, 
33.37796, -111.99065, 
33.37796, -111.99077, 
33.37796, -111.99089, 
33.37796, -111.99101, 
33.37796, -111.99115, 
33.37796, -111.99128, 
33.37796, -111.99140, 
33.37796, -111.99153, 
33.37797, -111.99166, 
33.37797, -111.99178, 
33.37797, -111.99190, 
33.37796, -111.99202, 
33.37797, -111.99213, 
33.37796, -111.99226, 
33.37796, -111.99239, 
33.37796, -111.99249, 
33.37796, -111.99261, 
33.37797, -111.99273, 
33.37796, -111.99285, 
33.37796, -111.99298, 
33.37794, -111.99312, 
33.37795, -111.99323, 
33.37796, -111.99333, 
33.37796, -111.99344, 
33.37796, -111.99357, 
33.37796, -111.99370, 
33.37796, -111.99385, 
33.37796, -111.99398, 
33.37797, -111.99412, 
33.37797, -111.99425, 
33.37797, -111.99438, 
33.37796, -111.99451, 
33.37795, -111.99463, 
33.37795, -111.99475, 
33.37794, -111.99487, 
33.37793, -111.99497, 
33.37793, -111.99511, 
33.37792, -111.99521, 
33.37789, -111.99531, 
33.37783, -111.99541, 
33.37776, -111.99550, 
33.37770, -111.99562, 
33.37766, -111.99573, 
33.37760, -111.99584, 
33.37754, -111.99596, 
33.37748, -111.99608, 
33.37742, -111.99620, 
33.37736, -111.99632, 
33.37730, -111.99644, 
33.37724, -111.99656, 
33.37717, -111.99668, 
33.37712, -111.99679, 
33.37705, -111.99690, 
33.37698, -111.99701, 
33.37689, -111.99713, 
33.37680, -111.99722, 
33.37669, -111.99731, 
33.37658, -111.99738, 
33.37647, -111.99743, 
33.37636, -111.99747, 
33.37624, -111.99750, 
33.37610, -111.99752, 
33.37596, -111.99753, 
33.37583, -111.99756, 
33.37570, -111.99758, 
33.37558, -111.99760, 
33.37546, -111.99761, 
33.37535, -111.99766, 
33.37527, -111.99776, 
33.37520, -111.99787, 
33.37515, -111.99800, 
33.37511, -111.99814, 
33.37510, -111.99828, 
33.37510, -111.99842, 
33.37513, -111.99855, 
33.37517, -111.99868, 
33.37521, -111.99882, 
33.37524, -111.99897, 
33.37527, -111.99910, 
33.37528, -111.99924, 
33.37529, -111.99940, 
33.37529, -111.99955, 
33.37527, -111.99968, 
33.37525, -111.99983, 
33.37521, -111.99995, 
33.37518, -112.00011, 
33.37515, -112.00026, 
33.37511, -112.00039, 
33.37504, -112.00051, 
33.37499, -112.00064, 
33.37494, -112.00076, 
33.37488, -112.00087, 
33.37482, -112.00100, 
33.37477, -112.00112, 
33.37472, -112.00124, 
33.37465, -112.00137, 
33.37459, -112.00148, 
33.37451, -112.00159, 
33.37442, -112.00170, 
33.37433, -112.00177, 
33.37422, -112.00183, 
33.37412, -112.00187, 
33.37402, -112.00192, 
33.37392, -112.00197, 
33.37382, -112.00204, 
33.37374, -112.00212, 
33.37365, -112.00222, 
33.37357, -112.00234, 
33.37351, -112.00249, 
33.37347, -112.00264, 
33.37344, -112.00278, 
33.37343, -112.00293, 
33.37340, -112.00307, 
33.37338, -112.00320, 
33.37336, -112.00334, 
33.37335, -112.00348, 
33.37332, -112.00362, 
33.37330, -112.00375, 
33.37330, -112.00390, 
33.37331, -112.00403, 
33.37335, -112.00417, 
33.37340, -112.00430, 
33.37348, -112.00442, 
33.37357, -112.00451, 
33.37366, -112.00460, 
33.37377, -112.00471, 
33.37386, -112.00482, 
33.37392, -112.00493, 
33.37394, -112.00507, 
33.37395, -112.00522, 
33.37395, -112.00539, 
33.37394, -112.00554, 
33.37394, -112.00568, 
33.37392, -112.00583, 
33.37390, -112.00598, 
33.37389, -112.00611, 
33.37388, -112.00627, 
33.37387, -112.00642, 
33.37386, -112.00656, 
33.37384, -112.00669, 
33.37380, -112.00683, 
33.37374, -112.00696, 
33.37368, -112.00708, 
33.37362, -112.00721, 
33.37354, -112.00732, 
33.37347, -112.00745, 
33.37341, -112.00758, 
33.37333, -112.00770, 
33.37327, -112.00783, 
33.37319, -112.00795, 
33.37314, -112.00808, 
33.37307, -112.00821, 
33.37300, -112.00834, 
33.37292, -112.00846, 
33.37286, -112.00859, 
33.37283, -112.00873, 
33.37279, -112.00887, 
33.37277, -112.00900, 
33.37275, -112.00915, 
33.37271, -112.00930, 
33.37270, -112.00944, 
33.37269, -112.00957, 
33.37271, -112.00970, 
33.37275, -112.00983, 
33.37281, -112.00995, 
33.37284, -112.01009, 
33.37288, -112.01022, 
33.37288, -112.01036, 
33.37289, -112.01050, 
33.37288, -112.01064, 
33.37286, -112.01078, 
33.37283, -112.01092, 
33.37281, -112.01107, 
33.37277, -112.01118, 
33.37271, -112.01130, 
33.37262, -112.01141, 
33.37252, -112.01152, 
33.37242, -112.01165, 
33.37234, -112.01175, 
33.37226, -112.01185, 
33.37217, -112.01195, 
33.37209, -112.01205, 
33.37200, -112.01215, 
33.37192, -112.01225, 
33.37184, -112.01237, 
33.37178, -112.01249, 
33.37172, -112.01262, 
33.37171, -112.01276, 
33.37171, -112.01291, 
33.37172, -112.01304, 
33.37176, -112.01315, 
33.37183, -112.01328, 
33.37188, -112.01339, 
33.37194, -112.01351, 
33.37198, -112.01364, 
33.37198, -112.01380, 
33.37196, -112.01394, 
33.37195, -112.01407, 
33.37193, -112.01420, 
33.37192, -112.01432, 
33.37191, -112.01443, 
33.37190, -112.01453, 
33.37189, -112.01465, 
33.37188, -112.01478, 
33.37189, -112.01490, 
33.37190, -112.01503, 
33.37192, -112.01516, 
33.37194, -112.01529, 
33.37197, -112.01542, 
33.37199, -112.01555, 
33.37202, -112.01568, 
33.37204, -112.01581, 
33.37206, -112.01593, 
33.37208, -112.01606, 
33.37208, -112.01618, 
33.37206, -112.01630, 
33.37204, -112.01644, 
33.37202, -112.01657, 
33.37198, -112.01671, 
33.37195, -112.01685, 
33.37194, -112.01699, 
33.37194, -112.01711, 
33.37198, -112.01724, 
33.37202, -112.01737, 
33.37205, -112.01749, 
33.37208, -112.01761, 
33.37210, -112.01775, 
33.37211, -112.01788, 
33.37209, -112.01803, 
33.37204, -112.01822, 
33.37199, -112.01836, 
33.37194, -112.01848, 
33.37189, -112.01859, 
33.37183, -112.01870, 
33.37180, -112.01882, 
33.37179, -112.01896, 
33.37179, -112.01908, 
33.37180, -112.01920, 
33.37182, -112.01932, 
33.37185, -112.01945, 
33.37188, -112.01957, 
33.37193, -112.01969, 
33.37198, -112.01981, 
33.37203, -112.01995, 
33.37208, -112.02005, 
33.37212, -112.02017, 
33.37217, -112.02030, 
33.37220, -112.02044, 
33.37221, -112.02057, 
33.37221, -112.02070, 
33.37220, -112.02083, 
33.37219, -112.02098, 
33.37218, -112.02113, 
33.37216, -112.02126, 
33.37213, -112.02140, 
33.37213, -112.02153, 
33.37210, -112.02166, 
33.37209, -112.02180, 
33.37208, -112.02192, 
33.37206, -112.02206, 
33.37206, -112.02220, 
33.37204, -112.02233, 
33.37203, -112.02247, 
33.37203, -112.02260, 
33.37202, -112.02273, 
33.37206, -112.02287, 
33.37212, -112.02299, 
33.37219, -112.02309, 
33.37225, -112.02321, 
33.37232, -112.02332, 
33.37239, -112.02344, 
33.37246, -112.02355, 
33.37253, -112.02367, 
33.37260, -112.02379, 
33.37264, -112.02392, 
33.37267, -112.02406, 
33.37269, -112.02420, 
33.37270, -112.02432, 
33.37272, -112.02445, 
33.37274, -112.02459, 
33.37276, -112.02473, 
33.37279, -112.02486, 
33.37282, -112.02501, 
33.37284, -112.02516, 
33.37286, -112.02529, 
33.37288, -112.02542, 
33.37289, -112.02555, 
33.37291, -112.02570, 
33.37294, -112.02584, 
33.37295, -112.02596, 
33.37296, -112.02609, 
33.37297, -112.02623, 
33.37299, -112.02636, 
33.37301, -112.02649, 
33.37303, -112.02662, 
33.37304, -112.02673, 
33.37305, -112.02688, 
33.37306, -112.02705, 
33.37305, -112.02721, 
33.37304, -112.02735, 
33.37303, -112.02749, 
33.37302, -112.02764, 
33.37303, -112.02778, 
33.37305, -112.02791, 
33.37307, -112.02806, 
33.37311, -112.02819, 
33.37315, -112.02832, 
33.37317, -112.02845, 
33.37320, -112.02859, 
33.37322, -112.02873, 
33.37325, -112.02887, 
33.37329, -112.02900, 
33.37331, -112.02913, 
33.37333, -112.02927, 
33.37336, -112.02942, 
33.37340, -112.02955, 
33.37343, -112.02969, 
33.37346, -112.02983, 
33.37349, -112.02999, 
33.37351, -112.03014, 
33.37354, -112.03028, 
33.37356, -112.03042, 
33.37358, -112.03054, 
33.37361, -112.03068, 
33.37364, -112.03081, 
33.37367, -112.03095, 
33.37369, -112.03108, 
33.37371, -112.03121, 
33.37374, -112.03133, 
33.37376, -112.03143, 
33.37380, -112.03152, 
33.37382, -112.03164, 
33.37386, -112.03177, 
33.37389, -112.03190, 
33.37392, -112.03205, 
33.37394, -112.03219, 
33.37396, -112.03233, 
33.37398, -112.03245, 
33.37401, -112.03260, 
33.37404, -112.03272, 
33.37406, -112.03286, 
33.37409, -112.03299, 
33.37413, -112.03313, 
33.37417, -112.03326, 
33.37419, -112.03338, 
33.37422, -112.03350, 
33.37424, -112.03364, 
33.37427, -112.03378, 
33.37429, -112.03391, 
33.37432, -112.03404, 
33.37434, -112.03418, 
33.37435, -112.03432, 
33.37435, -112.03447, 
33.37436, -112.03461, 
33.37437, -112.03475, 
33.37437, -112.03490, 
33.37438, -112.03505, 
33.37437, -112.03520, 
33.37437, -112.03534, 
33.37438, -112.03548, 
33.37438, -112.03563, 
33.37438, -112.03577, 
33.37438, -112.03592, 
33.37439, -112.03606, 
33.37439, -112.03620, 
33.37439, -112.03633, 
33.37439, -112.03648, 
33.37439, -112.03662, 
33.37439, -112.03675, 
33.37439, -112.03690, 
33.37439, -112.03705, 
33.37439, -112.03721, 
33.37439, -112.03734, 
33.37439, -112.03749, 
33.37439, -112.03762, 
33.37439, -112.03776, 
33.37439, -112.03791, 
33.37439, -112.03803, 
33.37439, -112.03819, 
33.37438, -112.03834, 
33.37438, -112.03848, 
33.37438, -112.03862, 
33.37438, -112.03876, 
33.37438, -112.03889, 
33.37438, -112.03903, 
33.37438, -112.03917, 
33.37438, -112.03931, 
33.37437, -112.03944, 
33.37436, -112.03958, 
33.37434, -112.03971, 
33.37432, -112.03985, 
33.37430, -112.03997, 
33.37429, -112.04009, 
33.37429, -112.04019, 
33.37427, -112.04032, 
33.37425, -112.04041, 
33.37423, -112.04052, 
33.37421, -112.04064, 
33.37420, -112.04077, 
33.37418, -112.04090, 
33.37415, -112.04102, 
33.37413, -112.04116, 
33.37411, -112.04129, 
33.37408, -112.04143, 
33.37406, -112.04156, 
33.37403, -112.04169, 
33.37400, -112.04183, 
33.37399, -112.04197, 
33.37398, -112.04213, 
33.37395, -112.04226, 
33.37394, -112.04239, 
33.37391, -112.04252, 
33.37389, -112.04266, 
33.37387, -112.04278, 
33.37384, -112.04293, 
33.37382, -112.04307, 
33.37380, -112.04321, 
33.37377, -112.04336, 
33.37374, -112.04350, 
33.37371, -112.04364, 
33.37368, -112.04379, 
33.37365, -112.04392, 
33.37361, -112.04406, 
33.37359, -112.04419, 
33.37356, -112.04435, 
33.37354, -112.04449, 
33.37351, -112.04463, 
33.37348, -112.04479, 
33.37344, -112.04494, 
33.37342, -112.04508, 
33.37339, -112.04522, 
33.37335, -112.04536, 
33.37331, -112.04550, 
33.37328, -112.04566, 
33.37324, -112.04580, 
33.37320, -112.04596, 
33.37318, -112.04611, 
33.37316, -112.04625, 
33.37314, -112.04641, 
33.37312, -112.04656, 
33.37311, -112.04671, 
33.37309, -112.04685, 
33.37307, -112.04700, 
33.37305, -112.04715, 
33.37304, -112.04730, 
33.37302, -112.04746, 
33.37301, -112.04761, 
33.37299, -112.04776, 
33.37297, -112.04791, 
33.37294, -112.04809, 
33.37291, -112.04824, 
33.37289, -112.04840, 
33.37285, -112.04852, 
33.37284, -112.04863, 
33.37281, -112.04876, 
33.37277, -112.04886, 
33.37275, -112.04895, 
33.37273, -112.04906, 
33.37269, -112.04915, 
33.37268, -112.04933, 
33.37264, -112.04945, 
33.37262, -112.04955, 
33.37259, -112.04965, 
33.37256, -112.04976, 
33.37253, -112.04989, 
33.37251, -112.05001, 
33.37247, -112.05014, 
33.37244, -112.05028, 
33.37241, -112.05041, 
33.37237, -112.05055, 
33.37235, -112.05068, 
33.37231, -112.05080, 
33.37228, -112.05094, 
33.37225, -112.05108, 
33.37221, -112.05122, 
33.37218, -112.05138, 
33.37215, -112.05153, 
33.37210, -112.05167, 
33.37206, -112.05181, 
33.37204, -112.05195, 
33.37201, -112.05209, 
33.37197, -112.05224, 
33.37194, -112.05238, 
33.37191, -112.05252, 
33.37188, -112.05265, 
33.37185, -112.05280, 
33.37182, -112.05294, 
33.37180, -112.05308, 
33.37179, -112.05321, 
33.37178, -112.05335, 
33.37178, -112.05348, 
33.37178, -112.05362, 
33.37180, -112.05377, 
33.37181, -112.05390, 
33.37182, -112.05405, 
33.37183, -112.05419, 
33.37185, -112.05433, 
33.37188, -112.05447, 
33.37188, -112.05461, 
33.37190, -112.05474, 
33.37192, -112.05487, 
33.37192, -112.05500, 
33.37192, -112.05514, 
33.37191, -112.05529, 
33.37191, -112.05544, 
33.37191, -112.05558, 
33.37190, -112.05572, 
33.37190, -112.05586, 
33.37190, -112.05600, 
33.37190, -112.05613, 
33.37190, -112.05628, 
33.37189, -112.05643, 
33.37189, -112.05658, 
33.37188, -112.05674, 
33.37189, -112.05688, 
33.37188, -112.05702, 
33.37187, -112.05716, 
33.37187, -112.05730, 
33.37187, -112.05744, 
33.37188, -112.05756, 
33.37189, -112.05771, 
33.37190, -112.05784, 
33.37191, -112.05799, 
33.37192, -112.05812, 
33.37192, -112.05826, 
33.37194, -112.05840, 
33.37196, -112.05853, 
33.37198, -112.05866, 
33.37201, -112.05881, 
33.37203, -112.05895, 
33.37207, -112.05908, 
33.37211, -112.05923, 
33.37213, -112.05937, 
33.37216, -112.05949, 
33.37219, -112.05963, 
33.37222, -112.05978, 
33.37226, -112.05992, 
33.37230, -112.06006, 
33.37233, -112.06020, 
33.37237, -112.06033, 
33.37240, -112.06048, 
33.37244, -112.06062, 
33.37247, -112.06077, 
33.37250, -112.06091, 
33.37253, -112.06107, 
33.37256, -112.06122, 
33.37258, -112.06138, 
33.37260, -112.06151, 
33.37261, -112.06164, 
33.37262, -112.06180, 
33.37262, -112.06194, 
33.37263, -112.06209, 
33.37263, -112.06224, 
33.37264, -112.06238, 
33.37266, -112.06253, 
33.37268, -112.06268, 
33.37271, -112.06281, 
33.37275, -112.06296, 
33.37278, -112.06310, 
33.37282, -112.06324, 
33.37285, -112.06338, 
33.37288, -112.06352, 
33.37291, -112.06366, 
33.37294, -112.06381, 
33.37297, -112.06396, 
33.37300, -112.06411, 
33.37302, -112.06426, 
33.37303, -112.06441, 
33.37304, -112.06456, 
33.37306, -112.06470, 
33.37307, -112.06484, 
33.37308, -112.06499, 
33.37309, -112.06514, 
33.37310, -112.06529, 
33.37310, -112.06543, 
33.37311, -112.06558, 
33.37311, -112.06572, 
33.37312, -112.06584, 
33.37313, -112.06594, 
33.37313, -112.06606, 
33.37314, -112.06617, 
33.37315, -112.06633, 
33.37316, -112.06644, 
33.37317, -112.06656, 
33.37318, -112.06668, 
33.37319, -112.06680, 
33.37319, -112.06692, 
33.37320, -112.06705, 
33.37320, -112.06718, 
33.37321, -112.06733, 
33.37321, -112.06746, 
33.37322, -112.06760, 
33.37322, -112.06775, 
33.37322, -112.06790, 
33.37322, -112.06804, 
33.37322, -112.06817, 
33.37322, -112.06832, 
33.37322, -112.06845, 
33.37322, -112.06858, 
33.37321, -112.06872, 
33.37320, -112.06886, 
33.37320, -112.06900, 
33.37320, -112.06914, 
33.37318, -112.06927, 
33.37317, -112.06942, 
33.37317, -112.06956, 
33.37317, -112.06972, 
33.37317, -112.06987, 
33.37316, -112.07003, 
33.37315, -112.07017, 
33.37313, -112.07031, 
33.37311, -112.07045, 
33.37310, -112.07059, 
33.37308, -112.07074, 
33.37306, -112.07090, 
33.37305, -112.07104, 
33.37303, -112.07118, 
33.37300, -112.07133, 
33.37298, -112.07147, 
33.37296, -112.07161, 
33.37293, -112.07176, 
33.37291, -112.07190, 
33.37289, -112.07203, 
33.37287, -112.07216, 
33.37283, -112.07229, 
33.37279, -112.07243, 
33.37277, -112.07256, 
33.37274, -112.07269, 
33.37271, -112.07280, 
33.37268, -112.07291, 
33.37265, -112.07301, 
33.37259, -112.07308, 
33.37249, -112.07311, 
33.37239, -112.07312, 
33.37230, -112.07312, 
33.37229, -112.07322, 
33.37221, -112.07332, 
33.37211, -112.07335, 
33.37200, -112.07336, 
33.37188, -112.07337, 
33.37177, -112.07337, 
33.37166, -112.07336, 
33.37154, -112.07338, 
33.37143, -112.07339, 
33.37132, -112.07340, 
33.37120, -112.07340, 
33.37109, -112.07340, 
33.37098, -112.07340, 
33.37087, -112.07340, 
33.37075, -112.07339, 
33.37065, -112.07338, 
33.37054, -112.07338, 
33.37042, -112.07337, 
33.37030, -112.07338, 
33.37020, -112.07338, 
33.37009, -112.07337, 
33.36997, -112.07338, 
33.36986, -112.07338, 
33.36975, -112.07337, 
33.36964, -112.07337, 
33.36951, -112.07340, 
33.36939, -112.07342, 
33.36929, -112.07340, 
33.36919, -112.07340, 
33.36908, -112.07340, 
33.36897, -112.07339, 
33.36886, -112.07338, 
33.36876, -112.07338, 
33.36865, -112.07337, 
33.36854, -112.07337, 
33.36843, -112.07337, 
33.36833, -112.07336, 
33.36822, -112.07336, 
33.36812, -112.07335, 
33.36801, -112.07335, 
33.36791, -112.07334, 
33.36779, -112.07335, 
33.36769, -112.07334, 
33.36760, -112.07334, 
33.36749, -112.07334, 
33.36738, -112.07335, 
33.36728, -112.07334, 
33.36718, -112.07335, 
33.36709, -112.07335, 
33.36699, -112.07335, 
33.36689, -112.07335, 
33.36679, -112.07336, 
33.36668, -112.07336, 
33.36658, -112.07337, 
33.36648, -112.07336, 
33.36637, -112.07337, 
33.36627, -112.07337, 
33.36617, -112.07337, 
33.36607, -112.07337, 
33.36598, -112.07336, 
33.36588, -112.07336, 
33.36578, -112.07334, 
33.36568, -112.07333, 
33.36558, -112.07332, 
33.36547, -112.07332, 
33.36536, -112.07332, 
33.36525, -112.07331, 
33.36514, -112.07332, 
33.36502, -112.07332, 
33.36492, -112.07332, 
33.36481, -112.07332, 
33.36469, -112.07333, 
33.36458, -112.07333, 
33.36448, -112.07333, 
33.36438, -112.07333, 
33.36427, -112.07333, 
33.36418, -112.07332, 
33.36409, -112.07331, 
33.36399, -112.07331, 
33.36390, -112.07332, 
33.36380, -112.07332, 
33.36371, -112.07332, 
33.36361, -112.07333, 
33.36351, -112.07332, 
33.36342, -112.07332, 
33.36333, -112.07332, 
33.36324, -112.07332, 
33.36314, -112.07332, 
33.36305, -112.07331, 
33.36296, -112.07332, 
33.36286, -112.07332, 
33.36277, -112.07332, 
33.36268, -112.07332, 
33.36258, -112.07332, 
33.36247, -112.07332, 
33.36237, -112.07332, 
33.36227, -112.07331, 
33.36217, -112.07332, 
33.36207, -112.07333, 
33.36197, -112.07333, 
33.36189, -112.07332, 
33.36178, -112.07333, 
33.36168, -112.07333, 
33.36158, -112.07333, 
33.36147, -112.07332, 
33.36136, -112.07333, 
33.36125, -112.07333, 
33.36115, -112.07333, 
33.36105, -112.07332, 
33.36094, -112.07333, 
33.36084, -112.07332, 
33.36073, -112.07332, 
33.36061, -112.07333, 
33.36051, -112.07332, 
33.36041, -112.07332, 
33.36030, -112.07332, 
33.36021, -112.07331, 
33.36010, -112.07331, 
33.36000, -112.07331, 
33.35989, -112.07331, 
33.35978, -112.07331, 
33.35965, -112.07332, 
33.35955, -112.07332, 
33.35944, -112.07331, 
33.35933, -112.07331, 
33.35922, -112.07331, 
33.35912, -112.07331, 
33.35902, -112.07330, 
33.35892, -112.07329, 
33.35881, -112.07329, 
33.35872, -112.07329, 
33.35862, -112.07329, 
33.35851, -112.07328, 
33.35840, -112.07327, 
33.35829, -112.07327, 
33.35818, -112.07326, 
33.35807, -112.07325, 
33.35797, -112.07323, 
33.35785, -112.07322, 
33.35773, -112.07319, 
33.35762, -112.07316, 
33.35751, -112.07312, 
33.35740, -112.07308, 
33.35729, -112.07305, 
33.35717, -112.07301, 
33.35707, -112.07296, 
33.35696, -112.07290, 
33.35686, -112.07285, 
33.35676, -112.07279, 
33.35668, -112.07271, 
33.35657, -112.07265, 
33.35648, -112.07260, 
33.35638, -112.07255, 
33.35629, -112.07249, 
33.35620, -112.07243, 
33.35612, -112.07238, 
33.35603, -112.07233, 
33.35595, -112.07227, 
33.35587, -112.07220, 
33.35578, -112.07214, 
33.35570, -112.07208, 
33.35561, -112.07201, 
33.35553, -112.07194, 
33.35543, -112.07189, 
33.35534, -112.07184, 
33.35525, -112.07179, 
33.35517, -112.07175, 
33.35508, -112.07175, 
33.35499, -112.07177, 
33.35491, -112.07180, 
33.35483, -112.07186, 
33.35475, -112.07193, 
33.35469, -112.07201, 
33.35464, -112.07210, 
33.35458, -112.07223, 
33.35454, -112.07234, 
33.35450, -112.07247, 
33.35446, -112.07259, 
33.35441, -112.07269, 
33.35437, -112.07280, 
33.35433, -112.07291, 
33.35428, -112.07301, 
33.35424, -112.07310, 
33.35419, -112.07322, 
33.35417, -112.07332, 
33.35413, -112.07341, 
33.35408, -112.07350, 
33.35404, -112.07364, 
33.35400, -112.07373, 
33.35396, -112.07384, 
33.35393, -112.07393, 
33.35390, -112.07402, 
33.35386, -112.07412, 
33.35383, -112.07421, 
33.35379, -112.07434, 
33.35373, -112.07446, 
33.35370, -112.07454, 
33.35365, -112.07467, 
33.35361, -112.07479, 
33.35357, -112.07494, 
33.35354, -112.07503, 
33.35351, -112.07513, 
33.35348, -112.07522, 
33.35343, -112.07536, 
33.35339, -112.07544, 
33.35333, -112.07556, 
33.35327, -112.07569, 
33.35323, -112.07577, 
33.35318, -112.07585, 
33.35311, -112.07596, 
33.35306, -112.07605, 
33.35302, -112.07613, 
33.35297, -112.07621, 
33.35292, -112.07629, 
33.35288, -112.07638, 
33.35281, -112.07650, 
33.35275, -112.07658, 
33.35270, -112.07671, 
33.35263, -112.07682, 
33.35256, -112.07693, 
33.35249, -112.07704, 
33.35241, -112.07714, 
33.35235, -112.07721, 
33.35229, -112.07729, 
33.35223, -112.07737, 
33.35216, -112.07744, 
33.35210, -112.07751, 
33.35203, -112.07758, 
33.35196, -112.07765, 
33.35189, -112.07773, 
33.35182, -112.07781, 
33.35176, -112.07788, 
33.35169, -112.07796, 
33.35162, -112.07804, 
33.35155, -112.07812, 
33.35149, -112.07819, 
33.35143, -112.07827, 
33.35137, -112.07835, 
33.35130, -112.07842, 
33.35122, -112.07848, 
33.35115, -112.07856, 
33.35108, -112.07864, 
33.35100, -112.07872, 
33.35092, -112.07879, 
33.35086, -112.07885, 
33.35079, -112.07891, 
33.35072, -112.07899, 
33.35066, -112.07906, 
33.35058, -112.07913, 
33.35050, -112.07921, 
33.35043, -112.07928, 
33.35037, -112.07934, 
33.35029, -112.07941, 
33.35022, -112.07948, 
33.35016, -112.07955, 
33.35007, -112.07967, 
33.35001, -112.07975, 
33.34995, -112.07985, 
33.34989, -112.07994, 
33.34984, -112.08005, 
33.34978, -112.08016, 
33.34972, -112.08026, 
33.34966, -112.08037, 
33.34959, -112.08047, 
33.34953, -112.08057, 
33.34946, -112.08066, 
33.34940, -112.08075, 
33.34933, -112.08084, 
33.34927, -112.08092, 
33.34921, -112.08100, 
33.34916, -112.08108, 
33.34910, -112.08116, 
33.34904, -112.08124, 
33.34898, -112.08132, 
33.34893, -112.08140, 
33.34888, -112.08149, 
33.34882, -112.08159, 
33.34875, -112.08169, 
33.34870, -112.08178, 
33.34864, -112.08186, 
33.34859, -112.08197, 
33.34854, -112.08207, 
33.34851, -112.08218, 
33.34849, -112.08230, 
33.34847, -112.08242, 
33.34845, -112.08253, 
33.34843, -112.08264, 
33.34842, -112.08276, 
33.34840, -112.08285, 
33.34839, -112.08295, 
33.34836, -112.08309, 
33.34832, -112.08318, 
33.34823, -112.08328, 
33.34816, -112.08335, 
33.34811, -112.08343, 
33.34804, -112.08351, 
33.34799, -112.08359, 
33.34792, -112.08367, 
33.34787, -112.08375, 
33.34781, -112.08387, 
33.34775, -112.08399, 
33.34770, -112.08407, 
33.34764, -112.08418, 
33.34758, -112.08425, 
33.34751, -112.08433, 
33.34741, -112.08438, 
33.34728, -112.08443, 
33.34715, -112.08450, 
33.34706, -112.08461, 
33.34699, -112.08472, 
33.34692, -112.08480, 
33.34685, -112.08486, 
33.34678, -112.08493, 
33.34672, -112.08500, 
33.34665, -112.08507, 
33.34659, -112.08514, 
33.34652, -112.08520, 
33.34646, -112.08526, 
33.34636, -112.08535, 
33.34629, -112.08542, 
33.34618, -112.08551, 
33.34611, -112.08557, 
33.34602, -112.08562, 
33.34593, -112.08567, 
33.34584, -112.08571, 
33.34575, -112.08574, 
33.34566, -112.08577, 
33.34558, -112.08580, 
33.34550, -112.08583, 
33.34541, -112.08587, 
33.34532, -112.08589, 
33.34523, -112.08592, 
33.34514, -112.08594, 
33.34506, -112.08596, 
33.34496, -112.08598, 
33.34487, -112.08600, 
33.34478, -112.08602, 
33.34470, -112.08605, 
33.34461, -112.08607, 
33.34453, -112.08610, 
33.34445, -112.08612, 
33.34436, -112.08614, 
33.34427, -112.08616, 
33.34417, -112.08619, 
33.34407, -112.08623, 
33.34396, -112.08626, 
33.34387, -112.08629, 
33.34378, -112.08632, 
33.34369, -112.08635, 
33.34361, -112.08639, 
33.34352, -112.08642, 
33.34344, -112.08646, 
33.34335, -112.08649, 
33.34327, -112.08653, 
33.34318, -112.08657, 
33.34310, -112.08661, 
33.34302, -112.08665, 
33.34292, -112.08669, 
33.34284, -112.08673, 
33.34277, -112.08678, 
33.34269, -112.08683, 
33.34260, -112.08688, 
33.34251, -112.08693, 
33.34242, -112.08697, 
33.34233, -112.08701, 
33.34225, -112.08705, 
33.34216, -112.08707, 
33.34207, -112.08710, 
33.34197, -112.08713, 
33.34188, -112.08718, 
33.34178, -112.08723, 
33.34169, -112.08728, 
33.34161, -112.08735, 
33.34154, -112.08742, 
33.34147, -112.08748, 
33.34141, -112.08754, 
33.34136, -112.08763, 
33.34131, -112.08771, 
33.34127, -112.08779, 
33.34122, -112.08788, 
33.34117, -112.08798, 
33.34112, -112.08810, 
33.34107, -112.08819, 
33.34103, -112.08828, 
33.34098, -112.08837, 
33.34094, -112.08846, 
33.34089, -112.08854, 
33.34085, -112.08863, 
33.34080, -112.08871, 
33.34075, -112.08879, 
33.34068, -112.08890, 
33.34060, -112.08899, 
33.34051, -112.08909, 
33.34044, -112.08915, 
33.34037, -112.08921, 
33.34030, -112.08926, 
33.34020, -112.08933, 
33.34009, -112.08938, 
33.34001, -112.08940, 
33.33993, -112.08943, 
33.33984, -112.08946, 
33.33976, -112.08951, 
33.33969, -112.08957, 
33.33964, -112.08965, 
33.33959, -112.08977, 
33.33956, -112.08990, 
33.33954, -112.09000, 
33.33952, -112.09013, 
33.33949, -112.09025, 
33.33948, -112.09038, 
33.33946, -112.09050, 
33.33943, -112.09062, 
33.33940, -112.09073, 
33.33937, -112.09085, 
33.33933, -112.09097, 
33.33930, -112.09109, 
33.33928, -112.09121, 
33.33926, -112.09134, 
33.33922, -112.09145, 
33.33919, -112.09157, 
33.33916, -112.09168, 
33.33912, -112.09180, 
33.33910, -112.09190, 
33.33908, -112.09201, 
33.33907, -112.09214, 
33.33904, -112.09225, 
33.33902, -112.09237, 
33.33901, -112.09247, 
33.33899, -112.09259, 
33.33897, -112.09273, 
33.33895, -112.09285, 
33.33894, -112.09298, 
33.33893, -112.09309, 
33.33891, -112.09319, 
33.33890, -112.09329, 
33.33889, -112.09340, 
33.33887, -112.09351, 
33.33885, -112.09363, 
33.33882, -112.09374, 
33.33877, -112.09384, 
33.33870, -112.09392, 
33.33863, -112.09398, 
33.33854, -112.09406, 
33.33846, -112.09414, 
33.33840, -112.09421, 
33.33831, -112.09431, 
33.33825, -112.09437, 
33.33816, -112.09446, 
33.33806, -112.09453, 
33.33797, -112.09457, 
33.33787, -112.09463, 
33.33776, -112.09468, 
33.33765, -112.09473, 
33.33754, -112.09477, 
33.33744, -112.09478, 
33.33734, -112.09478, 
33.33724, -112.09477, 
33.33713, -112.09476, 
33.33703, -112.09474, 
33.33693, -112.09471, 
33.33685, -112.09469, 
33.33673, -112.09467, 
33.33664, -112.09467, 
33.33654, -112.09470, 
33.33644, -112.09474, 
33.33633, -112.09479, 
33.33622, -112.09487, 
33.33611, -112.09494, 
33.33601, -112.09502, 
33.33593, -112.09507, 
33.33585, -112.09514, 
33.33579, -112.09521, 
33.33572, -112.09529, 
33.33564, -112.09536, 
33.33556, -112.09544, 
33.33547, -112.09550, 
33.33537, -112.09556, 
33.33526, -112.09560, 
33.33514, -112.09562, 
33.33503, -112.09564, 
33.33493, -112.09566, 
33.33484, -112.09567, 
33.33474, -112.09574, 
33.33463, -112.09582, 
33.33455, -112.09590, 
33.33445, -112.09598, 
33.33438, -112.09605, 
33.33430, -112.09612, 
33.33422, -112.09619, 
33.33415, -112.09627, 
33.33409, -112.09636, 
33.33402, -112.09644, 
33.33397, -112.09654, 
33.33391, -112.09663, 
33.33387, -112.09672, 
33.33383, -112.09680, 
33.33376, -112.09691, 
33.33369, -112.09701, 
33.33363, -112.09710, 
33.33356, -112.09718, 
33.33352, -112.09727, 
33.33346, -112.09734, 
33.33341, -112.09742, 
33.33337, -112.09751, 
33.33332, -112.09760, 
33.33328, -112.09769, 
33.33327, -112.09780, 
33.33319, -112.09786, 
33.33317, -112.09796, 
33.33312, -112.09806, 
33.33309, -112.09817, 
33.33311, -112.09826, 
33.33312, -112.09840, 
33.33315, -112.09853, 
33.33319, -112.09867, 
33.33321, -112.09877, 
33.33324, -112.09888, 
33.33328, -112.09897, 
33.33332, -112.09910, 
33.33335, -112.09922, 
33.33337, -112.09935, 
33.33338, -112.09946, 
33.33337, -112.09960, 
33.33334, -112.09973, 
33.33330, -112.09982, 
33.33325, -112.09990, 
33.33320, -112.10000, 
33.33315, -112.10013, 
33.33312, -112.10028, 
33.33308, -112.10040, 
33.33304, -112.10053, 
33.33302, -112.10066, 
33.33300, -112.10077, 
33.33299, -112.10087, 
33.33298, -112.10098, 
33.33297, -112.10110, 
33.33296, -112.10121, 
33.33295, -112.10134, 
33.33295, -112.10147, 
33.33297, -112.10165, 
33.33299, -112.10180, 
33.33299, -112.10193, 
33.33299, -112.10204, 
33.33298, -112.10215, 
33.33296, -112.10229, 
33.33293, -112.10240, 
33.33287, -112.10251, 
33.33278, -112.10262, 
33.33268, -112.10272, 
33.33259, -112.10282, 
33.33250, -112.10293, 
33.33241, -112.10305, 
33.33233, -112.10317, 
33.33224, -112.10330, 
33.33214, -112.10344, 
33.33203, -112.10357, 
33.33191, -112.10369, 
33.33180, -112.10378, 
33.33170, -112.10388, 
33.33161, -112.10396, 
33.33152, -112.10404, 
33.33142, -112.10411, 
33.33132, -112.10419, 
33.33123, -112.10427, 
33.33113, -112.10434, 
33.33103, -112.10441, 
33.33093, -112.10449, 
33.33084, -112.10455, 
33.33074, -112.10462, 
33.33063, -112.10468, 
33.33053, -112.10475, 
33.33045, -112.10483, 
33.33040, -112.10492, 
33.33037, -112.10503, 
33.33036, -112.10517, 
33.33036, -112.10534, 
33.33036, -112.10548, 
33.33036, -112.10561, 
33.33036, -112.10574, 
33.33035, -112.10586, 
33.33032, -112.10596, 
33.33029, -112.10607, 
33.33025, -112.10617, 
33.33021, -112.10629, 
33.33017, -112.10643, 
33.33013, -112.10656, 
33.33008, -112.10671, 
33.33003, -112.10686, 
33.32997, -112.10702, 
33.32993, -112.10712, 
33.32990, -112.10721, 
33.32986, -112.10731, 
33.32982, -112.10740, 
33.32978, -112.10750, 
33.32974, -112.10759, 
33.32967, -112.10775, 
33.32961, -112.10790, 
33.32958, -112.10803, 
33.32955, -112.10813, 
33.32951, -112.10827, 
33.32948, -112.10837, 
33.32944, -112.10850, 
33.32940, -112.10859, 
33.32936, -112.10871, 
33.32931, -112.10882, 
33.32926, -112.10896, 
33.32923, -112.10906, 
33.32918, -112.10916, 
33.32913, -112.10927, 
33.32910, -112.10938, 
33.32905, -112.10949, 
33.32901, -112.10960, 
33.32895, -112.10973, 
33.32890, -112.10985, 
33.32884, -112.10998, 
33.32879, -112.11010, 
33.32874, -112.11023, 
33.32868, -112.11037, 
33.32863, -112.11052, 
33.32858, -112.11067, 
33.32852, -112.11081, 
33.32847, -112.11094, 
33.32842, -112.11108, 
33.32836, -112.11122, 
33.32830, -112.11137, 
33.32824, -112.11152, 
33.32818, -112.11167, 
33.32812, -112.11181, 
33.32806, -112.11194, 
33.32799, -112.11209, 
33.32794, -112.11224, 
33.32789, -112.11238, 
33.32784, -112.11252, 
33.32779, -112.11265, 
33.32774, -112.11279, 
33.32768, -112.11293, 
33.32762, -112.11307, 
33.32757, -112.11321, 
33.32752, -112.11337, 
33.32746, -112.11350, 
33.32739, -112.11362, 
33.32732, -112.11376, 
33.32722, -112.11391, 
33.32717, -112.11398, 
33.32711, -112.11406, 
33.32704, -112.11416, 
33.32697, -112.11425, 
33.32691, -112.11435, 
33.32685, -112.11444, 
33.32680, -112.11453, 
33.32676, -112.11461, 
33.32671, -112.11469, 
33.32666, -112.11478, 
33.32661, -112.11486, 
33.32655, -112.11495, 
33.32650, -112.11505, 
33.32644, -112.11515, 
33.32641, -112.11526, 
33.32637, -112.11536, 
33.32633, -112.11546, 
33.32628, -112.11556, 
33.32623, -112.11564, 
33.32613, -112.11574, 
33.32603, -112.11581, 
33.32596, -112.11588, 
33.32591, -112.11596, 
33.32587, -112.11605, 
33.32583, -112.11614, 
33.32580, -112.11624, 
33.32578, -112.11637, 
33.32577, -112.11650, 
33.32577, -112.11663, 
33.32579, -112.11676, 
33.32581, -112.11690, 
33.32581, -112.11704, 
33.32580, -112.11718, 
33.32578, -112.11727, 
33.32572, -112.11738, 
33.32576, -112.11729, 
33.32579, -112.11716, 
33.32579, -112.11705, 
33.32579, -112.11694, 
33.32579, -112.11681, 
33.32577, -112.11667, 
33.32577, -112.11657, 
33.32576, -112.11647, 
33.32579, -112.11634, 
33.32581, -112.11621, 
33.32587, -112.11607, 
33.32594, -112.11593, 
33.32605, -112.11581, 
33.32617, -112.11571, 
33.32627, -112.11557, 
33.32632, -112.11548, 
33.32636, -112.11539, 
33.32640, -112.11530, 
33.32646, -112.11514, 
33.32652, -112.11501, 
33.32659, -112.11491, 
33.32664, -112.11483, 
33.32670, -112.11473, 
33.32677, -112.11464, 
33.32682, -112.11455, 
33.32688, -112.11447, 
33.32693, -112.11438, 
33.32700, -112.11428, 
33.32706, -112.11419, 
33.32711, -112.11411, 
33.32718, -112.11401, 
33.32724, -112.11392, 
33.32731, -112.11383, 
33.32738, -112.11371, 
33.32744, -112.11359, 
33.32749, -112.11347, 
33.32756, -112.11334, 
33.32759, -112.11325, 
33.32763, -112.11316, 
33.32766, -112.11306, 
33.32769, -112.11297, 
33.32775, -112.11284, 
33.32780, -112.11272, 
33.32785, -112.11258, 
33.32789, -112.11249, 
33.32793, -112.11239, 
33.32797, -112.11229, 
33.32801, -112.11219, 
33.32805, -112.11208, 
33.32809, -112.11198, 
33.32812, -112.11188, 
33.32816, -112.11179, 
33.32820, -112.11170, 
33.32824, -112.11160, 
33.32827, -112.11152, 
33.32830, -112.11142, 
33.32836, -112.11129, 
33.32839, -112.11120, 
33.32845, -112.11106, 
33.32848, -112.11097, 
33.32852, -112.11088, 
33.32855, -112.11079, 
33.32858, -112.11070, 
33.32864, -112.11058, 
33.32869, -112.11045, 
33.32872, -112.11036, 
33.32875, -112.11027, 
33.32879, -112.11017, 
33.32883, -112.11008, 
33.32886, -112.10998, 
33.32891, -112.10985, 
33.32897, -112.10973, 
33.32900, -112.10963, 
33.32905, -112.10951, 
33.32908, -112.10942, 
33.32914, -112.10929, 
33.32920, -112.10916, 
33.32925, -112.10903, 
33.32929, -112.10893, 
33.32932, -112.10884, 
33.32935, -112.10874, 
33.32939, -112.10865, 
33.32944, -112.10852, 
33.32947, -112.10843, 
33.32952, -112.10829, 
33.32955, -112.10819, 
33.32960, -112.10807, 
33.32966, -112.10792, 
33.32972, -112.10775, 
33.32977, -112.10758, 
33.32983, -112.10742, 
33.32989, -112.10727, 
33.32994, -112.10713, 
33.32998, -112.10702, 
33.33002, -112.10691, 
33.33006, -112.10682, 
33.33009, -112.10668, 
33.33013, -112.10659, 
33.33015, -112.10649, 
33.33017, -112.10640, 
33.33020, -112.10630, 
33.33023, -112.10617, 
33.33028, -112.10604, 
33.33032, -112.10591, 
33.33036, -112.10578, 
33.33036, -112.10568, 
33.33037, -112.10556, 
33.33036, -112.10545, 
33.33036, -112.10533, 
33.33035, -112.10520, 
33.33038, -112.10510, 
33.33040, -112.10498, 
33.33045, -112.10487, 
33.33055, -112.10478, 
33.33065, -112.10472, 
33.33074, -112.10464, 
33.33082, -112.10458, 
33.33092, -112.10452, 
33.33100, -112.10447, 
33.33108, -112.10440, 
33.33116, -112.10435, 
33.33124, -112.10429, 
33.33132, -112.10423, 
33.33138, -112.10417, 
33.33147, -112.10410, 
33.33154, -112.10404, 
33.33162, -112.10399, 
33.33170, -112.10391, 
33.33178, -112.10383, 
33.33184, -112.10375, 
33.33193, -112.10367, 
33.33201, -112.10358, 
33.33210, -112.10350, 
33.33217, -112.10343, 
33.33223, -112.10333, 
33.33230, -112.10323, 
33.33235, -112.10314, 
33.33240, -112.10305, 
33.33246, -112.10296, 
33.33252, -112.10289, 
33.33258, -112.10283, 
33.33266, -112.10274, 
33.33275, -112.10267, 
33.33283, -112.10258, 
33.33290, -112.10249, 
33.33292, -112.10239, 
33.33295, -112.10228, 
33.33297, -112.10214, 
33.33298, -112.10204, 
33.33297, -112.10193, 
33.33297, -112.10181, 
33.33296, -112.10169, 
33.33294, -112.10157, 
33.33294, -112.10143, 
33.33293, -112.10133, 
33.33294, -112.10120, 
33.33295, -112.10108, 
33.33297, -112.10096, 
33.33299, -112.10085, 
33.33300, -112.10070, 
33.33301, -112.10060, 
33.33305, -112.10051, 
33.33308, -112.10041, 
33.33311, -112.10031, 
33.33314, -112.10021, 
33.33317, -112.10011, 
33.33320, -112.10002, 
33.33325, -112.09990, 
33.33331, -112.09979, 
33.33333, -112.09970, 
33.33335, -112.09960, 
33.33336, -112.09946, 
33.33334, -112.09932, 
33.33332, -112.09921, 
33.33329, -112.09911, 
33.33327, -112.09901, 
33.33324, -112.09889, 
33.33321, -112.09877, 
33.33317, -112.09867, 
33.33313, -112.09854, 
33.33311, -112.09840, 
33.33311, -112.09826, 
33.33312, -112.09817, 
33.33313, -112.09807, 
33.33319, -112.09795, 
33.33326, -112.09788, 
33.33327, -112.09776, 
33.33330, -112.09765, 
33.33335, -112.09757, 
33.33341, -112.09746, 
33.33346, -112.09737, 
33.33355, -112.09723, 
33.33364, -112.09709, 
33.33373, -112.09695, 
33.33381, -112.09682, 
33.33385, -112.09673, 
33.33389, -112.09664, 
33.33399, -112.09647, 
33.33405, -112.09638, 
33.33411, -112.09631, 
33.33418, -112.09623, 
33.33427, -112.09615, 
33.33435, -112.09607, 
33.33443, -112.09599, 
33.33451, -112.09591, 
33.33459, -112.09583, 
33.33468, -112.09577, 
33.33476, -112.09570, 
33.33486, -112.09565, 
33.33496, -112.09562, 
33.33505, -112.09561, 
33.33514, -112.09561, 
33.33523, -112.09559, 
33.33532, -112.09557, 
33.33540, -112.09553, 
33.33548, -112.09548, 
33.33562, -112.09536, 
33.33569, -112.09530, 
33.33581, -112.09518, 
33.33595, -112.09505, 
33.33602, -112.09499, 
33.33609, -112.09494, 
33.33616, -112.09488, 
33.33624, -112.09483, 
33.33637, -112.09477, 
33.33646, -112.09473, 
33.33653, -112.09470, 
33.33661, -112.09467, 
33.33675, -112.09466, 
33.33690, -112.09467, 
33.33703, -112.09470, 
33.33718, -112.09472, 
33.33732, -112.09475, 
33.33747, -112.09476, 
33.33761, -112.09474, 
33.33774, -112.09469, 
33.33786, -112.09463, 
33.33796, -112.09458, 
33.33806, -112.09454, 
33.33814, -112.09447, 
33.33821, -112.09441, 
33.33828, -112.09434, 
33.33836, -112.09424, 
33.33845, -112.09415, 
33.33853, -112.09407, 
33.33862, -112.09398, 
33.33872, -112.09387, 
33.33880, -112.09373, 
33.33885, -112.09356, 
33.33887, -112.09339, 
33.33889, -112.09323, 
33.33890, -112.09304, 
33.33891, -112.09291, 
33.33892, -112.09279, 
33.33894, -112.09268, 
33.33895, -112.09256, 
33.33897, -112.09246, 
33.33899, -112.09235, 
33.33902, -112.09226, 
33.33904, -112.09216, 
33.33905, -112.09205, 
33.33909, -112.09194, 
33.33911, -112.09184, 
33.33914, -112.09174, 
33.33917, -112.09163, 
33.33919, -112.09152, 
33.33921, -112.09141, 
33.33924, -112.09131, 
33.33928, -112.09119, 
33.33930, -112.09108, 
33.33932, -112.09096, 
33.33935, -112.09082, 
33.33938, -112.09071, 
33.33939, -112.09060, 
33.33942, -112.09040, 
33.33944, -112.09027, 
33.33947, -112.09016, 
33.33950, -112.09006, 
33.33951, -112.08995, 
33.33954, -112.08983, 
33.33957, -112.08972, 
33.33964, -112.08964, 
33.33971, -112.08956, 
33.33978, -112.08945, 
33.33987, -112.08939, 
33.33996, -112.08937, 
33.34005, -112.08933, 
33.34013, -112.08930, 
33.34027, -112.08922, 
33.34034, -112.08917, 
33.34041, -112.08912, 
33.34048, -112.08906, 
33.34055, -112.08900, 
33.34061, -112.08893, 
33.34068, -112.08885, 
33.34073, -112.08877, 
33.34079, -112.08868, 
33.34084, -112.08859, 
33.34088, -112.08850, 
33.34092, -112.08841, 
33.34096, -112.08832, 
33.34101, -112.08822, 
33.34106, -112.08812, 
33.34111, -112.08802, 
33.34119, -112.08784, 
33.34125, -112.08774, 
33.34130, -112.08765, 
33.34136, -112.08754, 
33.34142, -112.08747, 
33.34149, -112.08739, 
33.34157, -112.08733, 
33.34164, -112.08727, 
33.34172, -112.08722, 
33.34179, -112.08716, 
33.34187, -112.08711, 
33.34195, -112.08707, 
33.34209, -112.08702, 
33.34225, -112.08697, 
33.34240, -112.08692, 
33.34253, -112.08684, 
33.34265, -112.08677, 
33.34278, -112.08670, 
33.34291, -112.08663, 
33.34304, -112.08657, 
33.34317, -112.08650, 
33.34330, -112.08644, 
33.34344, -112.08638, 
33.34358, -112.08634, 
33.34371, -112.08629, 
33.34385, -112.08624, 
33.34399, -112.08619, 
33.34413, -112.08613, 
33.34421, -112.08609, 
33.34436, -112.08603, 
33.34451, -112.08598, 
33.34466, -112.08594, 
33.34481, -112.08590, 
33.34496, -112.08586, 
33.34504, -112.08583, 
33.34512, -112.08580, 
33.34527, -112.08577, 
33.34542, -112.08574, 
33.34557, -112.08569, 
33.34571, -112.08566, 
33.34585, -112.08561, 
33.34599, -112.08556, 
33.34613, -112.08551, 
33.34625, -112.08541, 
33.34638, -112.08529, 
33.34650, -112.08516, 
33.34656, -112.08509, 
33.34663, -112.08503, 
33.34670, -112.08496, 
33.34676, -112.08488, 
33.34683, -112.08479, 
33.34690, -112.08471, 
33.34697, -112.08463, 
33.34705, -112.08456, 
33.34713, -112.08450, 
33.34722, -112.08444, 
33.34731, -112.08438, 
33.34745, -112.08430, 
33.34756, -112.08418, 
33.34764, -112.08405, 
33.34772, -112.08392, 
33.34780, -112.08379, 
33.34789, -112.08367, 
33.34797, -112.08356, 
33.34805, -112.08344, 
33.34812, -112.08335, 
33.34819, -112.08331, 
33.34819, -112.08320, 
33.34824, -112.08311, 
33.34830, -112.08298, 
33.34834, -112.08284, 
33.34837, -112.08271, 
33.34840, -112.08258, 
33.34843, -112.08244, 
33.34845, -112.08230, 
33.34849, -112.08216, 
33.34853, -112.08203, 
33.34859, -112.08190, 
33.34866, -112.08179, 
33.34873, -112.08167, 
33.34880, -112.08154, 
33.34888, -112.08141, 
33.34896, -112.08129, 
33.34904, -112.08117, 
33.34913, -112.08105, 
33.34923, -112.08092, 
33.34932, -112.08079, 
33.34942, -112.08067, 
33.34950, -112.08054, 
33.34958, -112.08041, 
33.34966, -112.08028, 
33.34974, -112.08015, 
33.34982, -112.08000, 
33.34989, -112.07987, 
33.34998, -112.07973, 
33.35007, -112.07961, 
33.35016, -112.07949, 
33.35027, -112.07937, 
33.35037, -112.07926, 
33.35049, -112.07915, 
33.35060, -112.07903, 
33.35072, -112.07892, 
33.35084, -112.07880, 
33.35095, -112.07867, 
33.35107, -112.07855, 
33.35119, -112.07843, 
33.35131, -112.07830, 
33.35142, -112.07818, 
33.35153, -112.07806, 
33.35164, -112.07794, 
33.35174, -112.07783, 
33.35185, -112.07771, 
33.35196, -112.07759, 
33.35206, -112.07746, 
33.35216, -112.07732, 
33.35225, -112.07720, 
33.35234, -112.07707, 
33.35240, -112.07700, 
33.35248, -112.07688, 
33.35256, -112.07676, 
33.35262, -112.07666, 
33.35268, -112.07657, 
33.35274, -112.07646, 
33.35281, -112.07636, 
33.35289, -112.07625, 
33.35296, -112.07615, 
33.35303, -112.07604, 
33.35311, -112.07592, 
33.35319, -112.07579, 
33.35327, -112.07566, 
33.35333, -112.07553, 
33.35340, -112.07536, 
33.35345, -112.07519, 
33.35349, -112.07501, 
33.35355, -112.07485, 
33.35361, -112.07468, 
33.35367, -112.07452, 
33.35371, -112.07443, 
33.35378, -112.07426, 
33.35385, -112.07408, 
33.35389, -112.07400, 
33.35392, -112.07391, 
33.35395, -112.07382, 
33.35399, -112.07373, 
33.35406, -112.07356, 
33.35412, -112.07338, 
33.35415, -112.07328, 
33.35419, -112.07319, 
33.35423, -112.07309, 
33.35427, -112.07300, 
33.35431, -112.07290, 
33.35435, -112.07279, 
33.35439, -112.07269, 
33.35442, -112.07259, 
33.35446, -112.07250, 
33.35450, -112.07239, 
33.35453, -112.07229, 
33.35457, -112.07220, 
33.35460, -112.07211, 
33.35465, -112.07203, 
33.35469, -112.07195, 
33.35475, -112.07188, 
33.35481, -112.07181, 
33.35488, -112.07176, 
33.35496, -112.07172, 
33.35505, -112.07170, 
33.35513, -112.07169, 
33.35522, -112.07169, 
33.35530, -112.07171, 
33.35538, -112.07174, 
33.35546, -112.07178, 
33.35554, -112.07182, 
33.35563, -112.07187, 
33.35570, -112.07192, 
33.35578, -112.07197, 
33.35586, -112.07202, 
33.35594, -112.07207, 
33.35601, -112.07211, 
33.35608, -112.07216, 
33.35616, -112.07222, 
33.35623, -112.07227, 
33.35631, -112.07232, 
33.35639, -112.07237, 
33.35647, -112.07241, 
33.35654, -112.07246, 
33.35662, -112.07251, 
33.35671, -112.07255, 
33.35679, -112.07260, 
33.35687, -112.07265, 
33.35695, -112.07270, 
33.35704, -112.07275, 
33.35712, -112.07280, 
33.35721, -112.07284, 
33.35730, -112.07289, 
33.35738, -112.07292, 
33.35747, -112.07296, 
33.35756, -112.07300, 
33.35764, -112.07302, 
33.35774, -112.07305, 
33.35782, -112.07307, 
33.35791, -112.07310, 
33.35799, -112.07311, 
33.35808, -112.07312, 
33.35824, -112.07313, 
33.35839, -112.07314, 
33.35855, -112.07314, 
33.35870, -112.07313, 
33.35885, -112.07313, 
33.35900, -112.07314, 
33.35915, -112.07313, 
33.35930, -112.07313, 
33.35945, -112.07313, 
33.35960, -112.07314, 
33.35976, -112.07314, 
33.35990, -112.07314, 
33.36005, -112.07314, 
33.36019, -112.07314, 
33.36033, -112.07315, 
33.36048, -112.07315, 
33.36063, -112.07315, 
33.36078, -112.07315, 
33.36093, -112.07315, 
33.36108, -112.07314, 
33.36123, -112.07314, 
33.36138, -112.07315, 
33.36153, -112.07315, 
33.36168, -112.07316, 
33.36183, -112.07317, 
33.36198, -112.07316, 
33.36213, -112.07316, 
33.36228, -112.07316, 
33.36241, -112.07315, 
33.36250, -112.07314, 
33.36264, -112.07314, 
33.36279, -112.07313, 
33.36293, -112.07312, 
33.36303, -112.07312, 
33.36313, -112.07313, 
33.36323, -112.07314, 
33.36331, -112.07313, 
33.36340, -112.07313, 
33.36351, -112.07313, 
33.36362, -112.07313, 
33.36374, -112.07313, 
33.36386, -112.07314, 
33.36400, -112.07314, 
33.36413, -112.07314, 
33.36426, -112.07313, 
33.36440, -112.07313, 
33.36454, -112.07313, 
33.36467, -112.07313, 
33.36482, -112.07314, 
33.36497, -112.07313, 
33.36511, -112.07314, 
33.36527, -112.07313, 
33.36542, -112.07313, 
33.36557, -112.07313, 
33.36572, -112.07313, 
33.36587, -112.07313, 
33.36602, -112.07313, 
33.36617, -112.07313, 
33.36632, -112.07313, 
33.36648, -112.07313, 
33.36663, -112.07313, 
33.36678, -112.07313, 
33.36693, -112.07313, 
33.36708, -112.07313, 
33.36723, -112.07313, 
33.36738, -112.07313, 
33.36752, -112.07313, 
33.36767, -112.07313, 
33.36782, -112.07313, 
33.36796, -112.07313, 
33.36811, -112.07313, 
33.36826, -112.07313, 
33.36841, -112.07313, 
33.36856, -112.07313, 
33.36871, -112.07313, 
33.36886, -112.07313, 
33.36902, -112.07313, 
33.36917, -112.07314, 
33.36931, -112.07314, 
33.36947, -112.07313, 
33.36962, -112.07313, 
33.36976, -112.07313, 
33.36991, -112.07312, 
33.37006, -112.07312, 
33.37021, -112.07312, 
33.37035, -112.07313, 
33.37050, -112.07314, 
33.37065, -112.07314, 
33.37081, -112.07315, 
33.37097, -112.07315, 
33.37112, -112.07315, 
33.37128, -112.07316, 
33.37143, -112.07315, 
33.37159, -112.07315, 
33.37174, -112.07316, 
33.37188, -112.07316, 
33.37203, -112.07316, 
33.37215, -112.07315, 
33.37225, -112.07316, 
33.37233, -112.07312, 
33.37241, -112.07311, 
33.37251, -112.07310, 
33.37260, -112.07307, 
33.37268, -112.07301, 
33.37273, -112.07291, 
33.37276, -112.07280, 
33.37279, -112.07269, 
33.37281, -112.07258, 
33.37284, -112.07247, 
33.37286, -112.07236, 
33.37288, -112.07225, 
33.37291, -112.07214, 
33.37293, -112.07203, 
33.37295, -112.07191, 
33.37297, -112.07179, 
33.37298, -112.07167, 
33.37300, -112.07154, 
33.37302, -112.07140, 
33.37305, -112.07129, 
33.37307, -112.07115, 
33.37308, -112.07103, 
33.37308, -112.07090, 
33.37309, -112.07077, 
33.37310, -112.07063, 
33.37313, -112.07051, 
33.37315, -112.07039, 
33.37316, -112.07025, 
33.37317, -112.07013, 
33.37317, -112.07000, 
33.37318, -112.06986, 
33.37319, -112.06973, 
33.37319, -112.06960, 
33.37320, -112.06946, 
33.37319, -112.06932, 
33.37320, -112.06919, 
33.37320, -112.06906, 
33.37321, -112.06893, 
33.37321, -112.06879, 
33.37321, -112.06865, 
33.37321, -112.06851, 
33.37322, -112.06837, 
33.37320, -112.06821, 
33.37321, -112.06809, 
33.37320, -112.06795, 
33.37322, -112.06783, 
33.37321, -112.06769, 
33.37320, -112.06755, 
33.37319, -112.06741, 
33.37319, -112.06726, 
33.37320, -112.06713, 
33.37321, -112.06699, 
33.37321, -112.06687, 
33.37320, -112.06672, 
33.37319, -112.06660, 
33.37318, -112.06645, 
33.37317, -112.06632, 
33.37319, -112.06621, 
33.37317, -112.06610, 
33.37317, -112.06599, 
33.37318, -112.06588, 
33.37316, -112.06578, 
33.37315, -112.06568, 
33.37315, -112.06556, 
33.37315, -112.06545, 
33.37313, -112.06532, 
33.37312, -112.06519, 
33.37311, -112.06507, 
33.37311, -112.06494, 
33.37310, -112.06481, 
33.37308, -112.06468, 
33.37307, -112.06455, 
33.37305, -112.06442, 
33.37303, -112.06429, 
33.37301, -112.06416, 
33.37299, -112.06403, 
33.37297, -112.06391, 
33.37295, -112.06378, 
33.37292, -112.06366, 
33.37289, -112.06354, 
33.37286, -112.06341, 
33.37283, -112.06327, 
33.37280, -112.06315, 
33.37277, -112.06302, 
33.37274, -112.06290, 
33.37271, -112.06278, 
33.37267, -112.06266, 
33.37265, -112.06252, 
33.37264, -112.06239, 
33.37263, -112.06225, 
33.37261, -112.06213, 
33.37261, -112.06200, 
33.37260, -112.06186, 
33.37259, -112.06172, 
33.37260, -112.06160, 
33.37259, -112.06146, 
33.37259, -112.06132, 
33.37256, -112.06119, 
33.37255, -112.06105, 
33.37253, -112.06092, 
33.37248, -112.06079, 
33.37244, -112.06064, 
33.37241, -112.06051, 
33.37239, -112.06037, 
33.37235, -112.06023, 
33.37231, -112.06009, 
33.37228, -112.05996, 
33.37225, -112.05982, 
33.37221, -112.05968, 
33.37219, -112.05954, 
33.37216, -112.05941, 
33.37213, -112.05927, 
33.37210, -112.05914, 
33.37208, -112.05900, 
33.37205, -112.05886, 
33.37202, -112.05872, 
33.37200, -112.05858, 
33.37198, -112.05844, 
33.37196, -112.05829, 
33.37195, -112.05815, 
33.37193, -112.05800, 
33.37192, -112.05785, 
33.37191, -112.05770, 
33.37191, -112.05756, 
33.37191, -112.05741, 
33.37190, -112.05726, 
33.37190, -112.05711, 
33.37189, -112.05695, 
33.37189, -112.05681, 
33.37189, -112.05666, 
33.37189, -112.05652, 
33.37190, -112.05638, 
33.37191, -112.05625, 
33.37192, -112.05610, 
33.37192, -112.05595, 
33.37192, -112.05581, 
33.37192, -112.05567, 
33.37191, -112.05553, 
33.37191, -112.05537, 
33.37192, -112.05523, 
33.37192, -112.05509, 
33.37191, -112.05494, 
33.37190, -112.05481, 
33.37188, -112.05467, 
33.37187, -112.05454, 
33.37186, -112.05442, 
33.37184, -112.05432, 
33.37183, -112.05420, 
33.37182, -112.05408, 
33.37181, -112.05396, 
33.37179, -112.05382, 
33.37179, -112.05369, 
33.37178, -112.05355, 
33.37178, -112.05341, 
33.37179, -112.05328, 
33.37181, -112.05313, 
33.37184, -112.05298, 
33.37186, -112.05284, 
33.37189, -112.05268, 
33.37194, -112.05254, 
33.37197, -112.05240, 
33.37200, -112.05226, 
33.37203, -112.05211, 
33.37206, -112.05198, 
33.37210, -112.05184, 
33.37213, -112.05170, 
33.37217, -112.05154, 
33.37219, -112.05139, 
33.37223, -112.05125, 
33.37226, -112.05111, 
33.37229, -112.05097, 
33.37232, -112.05083, 
33.37235, -112.05069, 
33.37239, -112.05054, 
33.37241, -112.05039, 
33.37245, -112.05025, 
33.37249, -112.05010, 
33.37252, -112.04996, 
33.37255, -112.04981, 
33.37259, -112.04967, 
33.37263, -112.04953, 
33.37266, -112.04939, 
33.37269, -112.04925, 
33.37272, -112.04913, 
33.37274, -112.04900, 
33.37276, -112.04890, 
33.37280, -112.04877, 
33.37283, -112.04865, 
33.37284, -112.04853, 
33.37286, -112.04842, 
33.37290, -112.04827, 
33.37291, -112.04816, 
33.37294, -112.04804, 
33.37296, -112.04793, 
33.37300, -112.04781, 
33.37302, -112.04768, 
33.37305, -112.04752, 
33.37302, -112.04743, 
33.37303, -112.04728, 
33.37303, -112.04712, 
33.37304, -112.04698, 
33.37306, -112.04685, 
33.37308, -112.04670, 
33.37309, -112.04656, 
33.37312, -112.04641, 
33.37313, -112.04627, 
33.37316, -112.04611, 
33.37320, -112.04597, 
33.37325, -112.04582, 
33.37329, -112.04568, 
33.37332, -112.04554, 
33.37334, -112.04538, 
33.37338, -112.04524, 
33.37340, -112.04509, 
33.37343, -112.04493, 
33.37347, -112.04477, 
33.37350, -112.04461, 
33.37354, -112.04447, 
33.37358, -112.04431, 
33.37362, -112.04415, 
33.37365, -112.04400, 
33.37368, -112.04385, 
33.37371, -112.04369, 
33.37374, -112.04355, 
33.37378, -112.04340, 
33.37380, -112.04323, 
33.37383, -112.04308, 
33.37385, -112.04293, 
33.37387, -112.04277, 
33.37391, -112.04262, 
33.37393, -112.04247, 
33.37395, -112.04233, 
33.37398, -112.04219, 
33.37401, -112.04204, 
33.37404, -112.04187, 
33.37406, -112.04172, 
33.37408, -112.04158, 
33.37410, -112.04145, 
33.37413, -112.04130, 
33.37415, -112.04116, 
33.37416, -112.04102, 
33.37418, -112.04089, 
33.37420, -112.04076, 
33.37423, -112.04062, 
33.37424, -112.04048, 
33.37427, -112.04037, 
33.37428, -112.04027, 
33.37429, -112.04016, 
33.37429, -112.04004, 
33.37432, -112.03991, 
33.37434, -112.03982, 
33.37435, -112.03970, 
33.37436, -112.03959, 
33.37437, -112.03947, 
33.37438, -112.03934, 
33.37438, -112.03920, 
33.37439, -112.03906, 
33.37438, -112.03891, 
33.37436, -112.03876, 
33.37438, -112.03862, 
33.37438, -112.03847, 
33.37440, -112.03832, 
33.37441, -112.03817, 
33.37439, -112.03802, 
33.37441, -112.03787, 
33.37439, -112.03772, 
33.37439, -112.03758, 
33.37439, -112.03741, 
33.37441, -112.03727, 
33.37441, -112.03713, 
33.37440, -112.03699, 
33.37440, -112.03684, 
33.37439, -112.03669, 
33.37439, -112.03655, 
33.37440, -112.03641, 
33.37439, -112.03626, 
33.37440, -112.03611, 
33.37441, -112.03597, 
33.37440, -112.03583, 
33.37440, -112.03568, 
33.37440, -112.03553, 
33.37441, -112.03539, 
33.37440, -112.03525, 
33.37441, -112.03510, 
33.37441, -112.03494, 
33.37439, -112.03478, 
33.37439, -112.03462, 
33.37439, -112.03447, 
33.37437, -112.03432, 
33.37436, -112.03417, 
33.37434, -112.03402, 
33.37431, -112.03388, 
33.37428, -112.03373, 
33.37425, -112.03359, 
33.37424, -112.03346, 
33.37421, -112.03333, 
33.37416, -112.03316, 
33.37413, -112.03303, 
33.37411, -112.03289, 
33.37408, -112.03275, 
33.37405, -112.03262, 
33.37402, -112.03248, 
33.37399, -112.03234, 
33.37394, -112.03220, 
33.37391, -112.03206, 
33.37388, -112.03192, 
33.37386, -112.03181, 
33.37383, -112.03171, 
33.37380, -112.03158, 
33.37378, -112.03146, 
33.37377, -112.03136, 
33.37375, -112.03125, 
33.37372, -112.03113, 
33.37371, -112.03102, 
33.37367, -112.03089, 
33.37363, -112.03075, 
33.37361, -112.03062, 
33.37359, -112.03049, 
33.37356, -112.03035, 
33.37352, -112.03021, 
33.37351, -112.03008, 
33.37349, -112.02993, 
33.37347, -112.02979, 
33.37343, -112.02964, 
33.37340, -112.02950, 
33.37338, -112.02935, 
33.37335, -112.02921, 
33.37333, -112.02905, 
33.37331, -112.02891, 
33.37328, -112.02877, 
33.37323, -112.02862, 
33.37320, -112.02847, 
33.37317, -112.02833, 
33.37314, -112.02818, 
33.37310, -112.02803, 
33.37308, -112.02788, 
33.37308, -112.02774, 
33.37306, -112.02759, 
33.37307, -112.02745, 
33.37309, -112.02729, 
33.37309, -112.02713, 
33.37311, -112.02698, 
33.37310, -112.02682, 
33.37308, -112.02666, 
33.37306, -112.02652, 
33.37303, -112.02637, 
33.37302, -112.02622, 
33.37299, -112.02609, 
33.37297, -112.02595, 
33.37295, -112.02581, 
33.37295, -112.02567, 
33.37293, -112.02553, 
33.37291, -112.02537, 
33.37289, -112.02523, 
33.37285, -112.02514, 
33.37281, -112.02497, 
33.37278, -112.02482, 
33.37276, -112.02466, 
33.37274, -112.02451, 
33.37272, -112.02437, 
33.37270, -112.02423, 
33.37268, -112.02407, 
33.37265, -112.02392, 
33.37259, -112.02378, 
33.37253, -112.02365, 
33.37245, -112.02353, 
33.37239, -112.02342, 
33.37230, -112.02330, 
33.37221, -112.02317, 
33.37213, -112.02306, 
33.37207, -112.02294, 
33.37201, -112.02282, 
33.37197, -112.02268, 
33.37196, -112.02253, 
33.37196, -112.02237, 
33.37200, -112.02225, 
33.37203, -112.02210, 
33.37205, -112.02195, 
33.37207, -112.02181, 
33.37211, -112.02167, 
33.37213, -112.02153, 
33.37213, -112.02143, 
33.37215, -112.02129, 
33.37217, -112.02115, 
33.37221, -112.02100, 
33.37222, -112.02084, 
33.37222, -112.02069, 
33.37224, -112.02054, 
33.37222, -112.02039, 
33.37219, -112.02024, 
33.37212, -112.02011, 
33.37203, -112.01997, 
33.37197, -112.01985, 
33.37191, -112.01972, 
33.37186, -112.01958, 
33.37180, -112.01943, 
33.37175, -112.01929, 
33.37176, -112.01915, 
33.37175, -112.01900, 
33.37179, -112.01885, 
33.37182, -112.01872, 
33.37187, -112.01858, 
33.37193, -112.01845, 
33.37198, -112.01833, 
33.37203, -112.01820, 
33.37208, -112.01807, 
33.37215, -112.01796, 
33.37223, -112.01783, 
33.37225, -112.01768, 
33.37218, -112.01750, 
33.37211, -112.01733, 
33.37203, -112.01718, 
33.37200, -112.01703, 
33.37198, -112.01686, 
33.37200, -112.01670, 
33.37205, -112.01657, 
33.37207, -112.01643, 
33.37209, -112.01628, 
33.37211, -112.01613, 
33.37211, -112.01599, 
33.37208, -112.01585, 
33.37206, -112.01571, 
33.37202, -112.01557, 
33.37198, -112.01544, 
33.37196, -112.01531, 
33.37193, -112.01518, 
33.37192, -112.01505, 
33.37190, -112.01493, 
33.37190, -112.01481, 
33.37190, -112.01467, 
33.37190, -112.01453, 
33.37191, -112.01442, 
33.37193, -112.01431, 
33.37195, -112.01421, 
33.37196, -112.01409, 
33.37197, -112.01399, 
33.37198, -112.01384, 
33.37199, -112.01373, 
33.37199, -112.01363, 
33.37192, -112.01348, 
33.37186, -112.01337, 
33.37181, -112.01326, 
33.37175, -112.01315, 
33.37170, -112.01304, 
33.37167, -112.01291, 
33.37167, -112.01279, 
33.37168, -112.01267, 
33.37174, -112.01256, 
33.37180, -112.01243, 
33.37186, -112.01232, 
33.37194, -112.01219, 
33.37201, -112.01209, 
33.37210, -112.01199, 
33.37218, -112.01190, 
33.37226, -112.01180, 
33.37236, -112.01170, 
33.37246, -112.01159, 
33.37253, -112.01150, 
33.37261, -112.01139, 
33.37268, -112.01129, 
33.37276, -112.01118, 
33.37283, -112.01107, 
33.37286, -112.01095, 
33.37288, -112.01081, 
33.37290, -112.01068, 
33.37292, -112.01055, 
33.37294, -112.01041, 
33.37294, -112.01027, 
33.37290, -112.01012, 
33.37279, -112.00997, 
33.37276, -112.00983, 
33.37271, -112.00970, 
33.37267, -112.00956, 
33.37267, -112.00942, 
33.37267, -112.00927, 
33.37272, -112.00915, 
33.37276, -112.00902, 
33.37278, -112.00889, 
33.37282, -112.00876, 
33.37288, -112.00863, 
33.37295, -112.00849, 
33.37301, -112.00835, 
33.37306, -112.00822, 
33.37312, -112.00810, 
33.37320, -112.00798, 
33.37326, -112.00786, 
33.37332, -112.00773, 
33.37339, -112.00762, 
33.37345, -112.00751, 
33.37352, -112.00739, 
33.37358, -112.00728, 
33.37367, -112.00714, 
33.37374, -112.00701, 
33.37383, -112.00686, 
33.37388, -112.00671, 
33.37388, -112.00656, 
33.37390, -112.00642, 
33.37392, -112.00627, 
33.37394, -112.00613, 
33.37395, -112.00599, 
33.37394, -112.00584, 
33.37396, -112.00568, 
33.37398, -112.00554, 
33.37399, -112.00538, 
33.37398, -112.00522, 
33.37397, -112.00508, 
33.37392, -112.00494, 
33.37384, -112.00480, 
33.37374, -112.00470, 
33.37364, -112.00460, 
33.37355, -112.00450, 
33.37345, -112.00439, 
33.37338, -112.00427, 
33.37332, -112.00414, 
33.37327, -112.00400, 
33.37325, -112.00385, 
33.37329, -112.00372, 
33.37333, -112.00358, 
33.37336, -112.00343, 
33.37338, -112.00329, 
33.37340, -112.00314, 
33.37343, -112.00299, 
33.37346, -112.00285, 
33.37347, -112.00271, 
33.37350, -112.00257, 
33.37353, -112.00243, 
33.37359, -112.00230, 
33.37366, -112.00218, 
33.37376, -112.00207, 
33.37385, -112.00200, 
33.37394, -112.00194, 
33.37405, -112.00189, 
33.37415, -112.00184, 
33.37426, -112.00179, 
33.37436, -112.00174, 
33.37445, -112.00168, 
33.37452, -112.00160, 
33.37457, -112.00150, 
33.37462, -112.00141, 
33.37468, -112.00131, 
33.37471, -112.00120, 
33.37475, -112.00111, 
33.37479, -112.00103, 
33.37484, -112.00094, 
33.37488, -112.00084, 
33.37492, -112.00074, 
33.37496, -112.00065, 
33.37498, -112.00056, 
33.37502, -112.00045, 
33.37506, -112.00036, 
33.37509, -112.00026, 
33.37513, -112.00016, 
33.37518, -112.00002, 
33.37521, -111.99990, 
33.37525, -111.99980, 
33.37530, -111.99970, 
33.37532, -111.99958, 
33.37533, -111.99948, 
33.37533, -111.99937, 
33.37532, -111.99925, 
33.37530, -111.99912, 
33.37524, -111.99900, 
33.37519, -111.99887, 
33.37514, -111.99874, 
33.37509, -111.99861, 
33.37506, -111.99849, 
33.37502, -111.99836, 
33.37507, -111.99825, 
33.37510, -111.99813, 
33.37515, -111.99800, 
33.37521, -111.99787, 
33.37529, -111.99775, 
33.37537, -111.99766, 
33.37547, -111.99759, 
33.37558, -111.99755, 
33.37569, -111.99754, 
33.37580, -111.99753, 
33.37591, -111.99752, 
33.37601, -111.99751, 
33.37610, -111.99750, 
33.37621, -111.99747, 
33.37631, -111.99746, 
33.37640, -111.99743, 
33.37649, -111.99740, 
33.37658, -111.99737, 
33.37667, -111.99732, 
33.37675, -111.99726, 
33.37682, -111.99720, 
33.37689, -111.99713, 
33.37696, -111.99705, 
33.37702, -111.99697, 
33.37708, -111.99685, 
33.37713, -111.99675, 
33.37719, -111.99664, 
33.37725, -111.99653, 
33.37730, -111.99642, 
33.37736, -111.99632, 
33.37741, -111.99623, 
33.37745, -111.99614, 
33.37750, -111.99605, 
33.37754, -111.99595, 
33.37759, -111.99585, 
33.37765, -111.99575, 
33.37770, -111.99566, 
33.37776, -111.99554, 
33.37781, -111.99545, 
33.37787, -111.99537, 
33.37791, -111.99525, 
33.37793, -111.99514, 
33.37794, -111.99503, 
33.37796, -111.99492, 
33.37796, -111.99480, 
33.37796, -111.99467, 
33.37796, -111.99453, 
33.37797, -111.99439, 
33.37796, -111.99427, 
33.37796, -111.99415, 
33.37796, -111.99404, 
33.37796, -111.99394, 
33.37797, -111.99381, 
33.37796, -111.99369, 
33.37796, -111.99357, 
33.37796, -111.99344, 
33.37794, -111.99330, 
33.37796, -111.99319, 
33.37796, -111.99308, 
33.37795, -111.99296, 
33.37796, -111.99283, 
33.37795, -111.99271, 
33.37796, -111.99258, 
33.37796, -111.99246, 
33.37796, -111.99235, 
33.37797, -111.99223, 
33.37797, -111.99209, 
33.37796, -111.99196, 
33.37796, -111.99182, 
33.37797, -111.99170, 
33.37797, -111.99158, 
33.37797, -111.99146, 
33.37797, -111.99134, 
33.37797, -111.99123, 
33.37797, -111.99112, 
33.37797, -111.99101, 
33.37797, -111.99090, 
33.37797, -111.99079, 
33.37797, -111.99066, 
33.37797, -111.99055, 
33.37798, -111.99043, 
33.37798, -111.99030, 
33.37798, -111.99017, 
33.37797, -111.99003, 
33.37798, -111.98989, 
33.37798, -111.98975, 
33.37798, -111.98960, 
33.37799, -111.98945, 
33.37798, -111.98930, 
33.37798, -111.98914, 
33.37798, -111.98898, 
33.37799, -111.98883, 
33.37799, -111.98868, 
33.37796, -111.98855, 
33.37796, -111.98841, 
33.37797, -111.98827, 
33.37797, -111.98814, 
33.37797, -111.98799, 
33.37797, -111.98784, 
33.37797, -111.98770, 
33.37797, -111.98754, 
33.37798, -111.98740, 
33.37798, -111.98726, 
33.37797, -111.98714, 
33.37798, -111.98703, 
33.37798, -111.98691, 
33.37799, -111.98680, 
33.37799, -111.98669, 
33.37799, -111.98657, 
33.37799, -111.98645, 
33.37800, -111.98633, 
33.37800, -111.98620, 
33.37800, -111.98608, 
33.37800, -111.98595, 
33.37800, -111.98582, 
33.37800, -111.98570, 
33.37800, -111.98556, 
33.37800, -111.98543, 
33.37800, -111.98531, 
33.37800, -111.98519, 
33.37800, -111.98507, 
33.37800, -111.98495, 
33.37800, -111.98483, 
33.37800, -111.98471, 
33.37799, -111.98460, 
33.37794, -111.98451, 
33.37786, -111.98449, 
33.37777, -111.98449, 
33.37766, -111.98450, 
33.37756, -111.98450, 
33.37748, -111.98450, 
33.37740, -111.98450, 
33.37730, -111.98451, 
33.37722, -111.98451, 
33.37713, -111.98451, 
33.37705, -111.98451, 
33.37692, -111.98452, 
33.37683, -111.98452, 
33.37672, -111.98452, 
33.37661, -111.98451, 
33.37650, -111.98452, 
33.37639, -111.98454, 
33.37631, -111.98457, 
33.37623, -111.98461, 
33.37615, -111.98466, 
33.37606, -111.98472, 
33.37599, -111.98479, 
33.37592, -111.98485, 
33.37584, -111.98492, 
33.37576, -111.98497, 
33.37568, -111.98503, 
33.37560, -111.98509, 
33.37552, -111.98515, 
33.37545, -111.98520, 
33.37538, -111.98525, 
33.37529, -111.98532, 
33.37521, -111.98538, 
